    ,Date ,Sales & Services Revenue ,Gross Profit ,"Selling, General & Admin  ",Non-Operating (Income) Loss ,Pretax Income ,Income (Loss) from Cont Ops ,Basic Weighted Avg Shares ,"Basic EPS, GAAP  ",Diluted Weighted Avg Shares ,"Diluted EPS, GAAP  ",EBITDA Margin (%) ,Profit Margin (%) ,Sales per Employee ,Depreciation Expense ,"Cash, Cash Equivalents & STI  ",Cash & Cash Equivalents ,Accounts & Notes Receiv ,Total Current Assets ,"Property, Plant & Equip, Net  ","Property, Plant & Equip  ",Other LT Assets ,Total Noncurrent Assets ,Total Assets ,Payables & Accruals ,Total Current Liabilities ,LT Debt ,Other LT Liabilities ,Total Noncurrent Liabilities ,Total Liabilities ,Share Capital & APIC ,Retained Earnings ,Other Equity ,Equity Before Minority Interest ,Total Equity ,Total Liabilities & Equity ,Shares Outstanding ,Net Debt ,Net Debt to Equity ,Tangible Common Equity Ratio ,Current Ratio ,Number of Employees ,Net Income ,Depreciation & Amortization ,Non-Cash Items ,Chg in Non-Cash Work Cap ,Cash from Operating Activities ,Acq of Fixed & Intang ,Net Change in LT Investment ,Cash from Investing Activities ,Cash (Repurchase) of Equity ,Cash from Financing Activities ,Net Changes in Cash ,Capital Expenditures ,Free Cash Flow ,Price/Free Cash Flow ,Cash Flow to Net Income ,Performance
0,2010,78.52,95.46,32.97,-52.45,132.21,145.67,1.84,141.23,1.95,140.97,30.06,37.62,32.98,46.09,9.19,113.97,195.27,14.93,61.41,55.0,-18.47,90.52,39.61,97.59,7.47,0.725,-0.99,-0.99,5.28,-35.03,90.24,-154.76,71.71,71.71,39.61,1.8,113.97,24.61,22.94,6.94,34.24,145.67,46.09,979.72,-65.71,83.04,74.86,-31.3,-20.53,92.0,89.59,-190.71,74.86,84.15,-13.02,-25.49,0.4028514433530972
1,2011,65.96,70.6,37.74,167.74,84.49,84.99,1.63,82.02,1.29,82.63,10.51,11.46,29.52,76.63,1.3,-12.84,18.07,7.94,63.11,62.68,138.73,113.05,54.78,34.62,34.98,0.725,76.7,76.7,45.14,149.93,69.07,-1063.04,60.31,60.31,54.78,1.45,-12.84,-45.63,2.3,-20.03,28.14,84.99,76.63,72.26,375.0,101.82,251.34,192.65,191.75,-8.88,14.88,-124.11,251.34,82.57,-37.48,9.1,0.2556125949826031
2,2012,44.58,56.7,32.12,25.78,63.03,60.99,1.14,59.18,0.93,59.51,13.68,11.35,20.26,80.65,12.24,9.49,59.53,28.15,98.69,85.99,35.67,65.88,51.3,36.48,37.8,0.725,63.86,63.86,45.52,-38.41,61.18,12.64,54.29,54.29,51.3,1.07,9.49,-29.04,2.52,-7.0,20.22,60.99,80.65,52.25,-105.19,35.51,26.17,18.37,19.32,-19.98,-217.59,-164.38,26.17,37.83,32.05,-15.83,0.1916117518269384
3,2013,9.2,-6.35,7.87,121.46,-10.06,-11.25,-1.01,-10.34,-1.45,-9.95,-12.75,-18.73,-1.54,106.19,39.19,32.69,10.43,27.12,7.41,30.3,0.6,12.92,17.57,11.15,13.27,0.725,18.23,106.05,44.24,20.35,2.93,-194.39,4.52,4.52,17.57,-4.26,-125.13,-124.05,-11.46,12.22,10.91,-11.25,106.19,-44.77,-2266.56,5.53,-3.47,-37.43,-29.97,-3457.89,864.61,277.34,-3.47,7.57,-33.5,18.91,-0.2153174773797224
4,2014,6.95,9.69,10.74,-15.22,6.64,6.68,-6.05,13.54,-6.12,13.63,1.37,-0.26,-6.94,17.6,-38.15,-2.91,31.87,-6.49,24.26,36.8,14.86,22.13,12.0,4.59,45.33,70.91,22.0,42.85,44.15,17.96,-16.41,-329.72,-9.71,-9.71,12.0,-6.8,694.19,779.64,-21.28,-35.66,14.93,6.68,17.6,53.51,8.78,11.27,8.12,-62.49,-33.15,98.25,129.25,-111.81,8.12,11.91,25.37,4.3,0.2923191154998092
5,2015,27.86,32.73,19.48,31.12,35.59,35.14,-5.46,42.94,-5.38,42.83,6.73,5.7,12.75,41.67,65.89,52.56,11.48,30.42,8.96,26.25,16.32,23.14,25.29,60.15,27.05,84.44,33.0,59.23,42.26,17.6,5.89,-131.89,7.0,7.0,25.29,-4.9,102.05,88.83,-14.92,2.65,13.4,35.14,41.67,-4.64,65.28,36.09,17.07,392.59,149.23,-21.59,-52.82,-1853.25,17.07,39.84,-22.49,0.71,-0.0228710315172145
6,2016,-7.73,-10.0,-0.94,4.9,-15.37,-14.43,-4.91,-10.01,-5.05,-9.88,-7.33,-7.26,-12.51,-6.68,61.43,-3.01,-3.44,19.57,20.2,24.34,19.31,6.82,10.74,-2.23,-1.99,41.08,5.27,26.42,13.04,13.99,4.42,-283.77,7.45,7.45,10.74,-4.35,53.54,42.89,-2.53,22.0,5.45,-14.43,-6.68,84.14,-95.84,-19.0,17.93,-27.91,-18.3,-15.8,15.62,-108.74,17.93,-25.08,13.29,-5.34,0.0294539021440272
7,2017,6.3,4.66,7.52,103.64,4.43,5.83,-4.64,10.97,-4.52,10.84,-4.63,-0.45,0.25,-3.31,10.46,-0.95,21.76,20.38,25.08,22.58,4.6,14.83,16.67,26.08,27.6,28.88,10.89,22.74,24.73,14.77,2.04,-123.66,4.52,4.52,16.67,-3.93,43.34,37.14,-10.2,-5.66,6.03,5.83,-3.31,16.31,-1246.69,-3.38,-5.56,4.75,1.02,10.67,-15.31,-69.34,-5.56,-2.82,35.12,-8.71,0.2904435876470839
8,2018,15.86,15.48,9.46,-26.96,13.75,23.12,-5.02,29.63,-4.79,29.32,-1.26,6.27,7.96,7.34,-10.62,27.72,37.34,2.09,22.26,20.42,22.59,-4.98,-2.56,-25.28,15.92,-3.57,10.93,0.89,7.17,12.08,-28.4,2202.67,-20.07,-20.07,-2.56,-7.24,-7.15,16.16,-14.62,-11.93,7.32,23.12,7.34,-360.28,-725.12,21.76,4.05,-191.96,-134.59,122.81,406.58,-2984.1,4.05,26.21,17.61,-1.11,0.0084708037423222
9,2019,-2.04,-3.38,9.22,-9.88,-9.83,-7.18,-6.81,-0.4,-7.02,-0.17,-4.56,-5.25,-5.62,15.08,51.67,88.49,-6.51,23.97,-9.51,6.14,48.0,-25.04,-7.44,-17.27,-9.54,-2.06,5.27,0.42,-4.08,12.37,-34.8,-83.09,-15.55,-15.55,-7.44,-6.56,-33.16,-20.85,-8.76,37.04,3.79,-7.18,15.08,-118.33,-110.05,-10.39,-21.17,88.34,185.67,-8.26,3.53,332.27,-21.17,-8.15,3.79,-3.45,0.6007974466008801
10,2020,5.51,6.67,9.16,-55.56,2.06,3.9,-6.06,10.6,-5.74,10.23,-4.15,-1.53,-1.67,-11.88,-9.56,-22.17,-18.25,-11.73,-1.64,7.89,28.94,2.55,-4.32,-8.52,-0.31,7.47,7.89,7.62,4.24,12.41,-67.39,-30.48,-27.79,-27.79,-4.32,-4.48,25.7,74.09,-24.53,-11.46,7.3,3.9,-11.88,28.39,-263.13,16.26,-30.36,-90.82,-109.35,8.11,-4.57,-142.92,-30.36,24.57,76.33,11.9,0.6604782813232062
11,2021,33.26,45.62,10.33,-67.87,62.77,64.92,-3.75,71.34,-3.78,71.4,16.65,23.76,27.2,2.06,-31.12,-8.09,37.55,-6.18,7.27,5.99,14.88,19.98,8.37,29.48,19.06,10.58,-2.14,6.06,11.36,12.97,-62.84,-140.15,-3.44,-3.44,8.37,-3.24,20.64,24.94,-10.9,-21.2,4.76,64.92,2.06,-54.2,-186.31,28.96,51.66,-157.64,239.12,18.73,7.52,-63.01,51.66,26.7,-7.16,-21.8,0.0775541489722171
12,2022,7.79,11.74,14.2,-229.46,9.06,5.41,-2.91,8.57,-3.2,8.89,0.72,-2.21,1.22,-1.6,-22.89,-32.32,18.3,0.42,6.79,4.31,11.42,0.55,0.5,17.08,22.71,-9.3,-7.84,-8.82,4.92,13.05,-155.16,-6915.34,-19.68,-19.68,0.5,-2.94,7.4,33.72,-20.08,-18.17,6.49,5.41,-1.6,236.48,-124.43,17.41,-3.4,210.89,53.69,5.34,18.63,183.73,-3.4,19.89,-17.51,11.38,-0.0696135762905395
13,2023,-2.8,-0.96,-0.65,69.16,-4.51,-2.81,-2.91,0.1,-3.14,0.34,-0.84,-0.01,-0.99,3.74,27.43,26.72,0.09,6.03,3.79,0.12,18.98,-3.83,-0.05,-2.35,-5.63,-3.72,1.44,-2.01,-3.86,13.82,-93.02,3.09,22.64,22.64,-0.05,-2.47,-15.87,-31.4,22.7,12.36,-1.83,-2.81,3.74,-14.32,-648.08,-9.5,2.34,-267.37,-116.57,-13.26,-2.04,-152.59,2.34,-10.64,28.95,-6.88,0.2477754666898404
14,2010,14.31,16.78,23.44,-187.31,-20.59,-19.49,-0.04,-19.46,0.06,-19.54,-7.06,-29.57,-7.28,25.59,-45.11,-58.59,9.82,-4.27,4.61,5.38,41.87,27.63,13.44,21.92,32.28,11.16,38.4,19.76,25.3,111.79,10.98,-260.04,-2.05,-1.84,13.44,-0.27,99.7,103.45,-272.64,-27.64,23.29,-19.49,25.59,-477.83,-292.98,20.08,-6.79,-163.8,229.53,4.9,-208.55,-199.16,-6.79,24.81,-25.24,49.15,-0.2105157844213865
15,2011,10.48,13.7,22.94,-19.62,-9.0,2.23,0.69,1.53,0.71,1.51,-11.78,-7.47,9.26,15.99,48.54,86.74,6.96,6.5,-1.22,3.7,-2.13,-1.71,1.37,13.69,-10.32,-3.86,14.32,2.77,-3.34,12.26,10.46,90.01,9.16,9.12,1.37,1.51,-43.67,-48.38,-81.08,18.76,1.11,2.2,15.99,44.8,-99.84,2.68,46.93,262.96,-102.14,-91.12,453.76,-170.65,46.93,-3.14,10.94,0.44,0.217793962660066
16,2012,2.63,6.19,-5.46,281.56,20.47,26.09,1.16,24.65,1.6,24.11,23.58,22.86,2.63,-8.56,87.39,58.56,-0.92,31.78,2.4,5.06,-2.41,-1.63,11.54,0.41,-14.21,50.21,10.03,33.9,13.07,19.74,15.51,38.37,9.33,9.33,11.54,0.4,12.46,2.87,-269.13,53.61,4.13,26.12,-8.56,102.83,-174404.87,3.84,20.37,-668.23,-2431.5,2970.16,-111.89,23.13,20.37,0.54,9.4,-17.65,0.0688939012883749
17,2013,-45.21,-52.3,-42.48,-94.88,-59.75,-60.04,-1.08,-56.33,-1.13,-56.31,-28.87,-21.16,-27.74,-71.58,-46.63,-67.83,-47.64,-38.55,-26.76,-32.01,-35.88,-33.99,-36.12,-45.38,-28.41,-81.27,-47.1,-69.87,-56.25,2.5,-8.99,-44.01,-5.8,-5.77,-36.12,-1.81,-68.1,-66.15,522.07,-14.16,-24.18,-56.8,-38.24,-89.04,-33.49,-64.31,-36.22,-27.32,-35.39,-32.11,-1035.07,-284.87,-36.22,-71.02,207.47,-17.39,-0.0564462899771158
18,2014,-7.33,-6.6,-5.85,-25.0,-0.12,-27.78,-2.7,-8.88,-2.99,-8.61,2.92,-4.32,-16.96,-29.84,-44.92,16.92,-10.04,-20.71,0.51,-1.85,12.26,9.74,-3.91,-8.96,10.78,0.59,18.89,11.31,11.03,2.78,4.07,151.14,-14.48,-14.36,-3.91,-2.59,22.55,43.1,-39.58,-28.43,11.59,-11.34,-9.95,25.19,-60.39,10.56,-5.94,-285.03,-94.86,36.76,-59.05,-110.01,-5.94,19.23,8.64,24.69,0.0869306089514012
19,2015,0.78,5.7,3.91,-490.12,26.41,51.42,-1.32,96.24,-1.38,96.35,3.82,92.15,4.87,8.29,37.33,23.09,-4.68,-7.25,-3.45,-1.97,-12.74,4.14,-0.07,4.95,-12.78,72.27,-14.61,17.92,1.45,2.83,12.6,31.76,-1.46,-1.45,-0.07,-2.35,5.76,7.32,9.45,6.34,-3.9,-30.69,-4.91,-79.88,-68.16,-19.29,3.06,-119.94,-300.99,1.91,-18.45,55.4,3.06,-28.56,13.5,-58.32,0.0259837067638704
20,2016,2.2,1.47,-1.67,-660.76,-55.61,-59.21,-1.27,-67.94,-1.53,-67.86,2.34,-69.03,0.83,-8.49,206.53,272.33,-4.97,89.16,-0.44,-0.14,-0.48,-4.44,27.68,-10.43,-27.5,252.26,-5.26,135.58,60.38,2.3,-0.75,9.09,-3.17,-2.86,27.68,0.01,-15.35,-12.86,-10.69,160.91,1.35,-13.14,-8.08,2867.16,869.87,7.99,0.99,-207.92,-161.08,-76.67,-598.52,1141.37,0.99,12.18,-21.13,241.17,-0.2185571668322355
21,2017,31.35,27.26,36.65,-128.5,57.89,-66.79,17.81,-71.08,17.94,-71.11,-20.36,-74.06,-0.49,259.09,-48.81,-49.48,61.61,-24.76,33.34,23.44,176.21,116.7,44.78,61.06,33.81,31.57,95.96,43.3,41.33,78.14,-6.21,-16.54,50.44,50.11,44.78,18.38,446.87,264.32,-322.82,-43.77,32.0,-65.31,123.28,-92.1,-226.57,73.9,1.25,-109.14,3778.23,-77.59,-147.38,-166.15,1.25,113.02,14.29,410.4,0.3260829872807522
22,2018,11.64,18.73,6.88,-253.86,28.78,561.19,1.03,391.35,1.2,390.55,30.73,344.68,7.3,10.28,-57.48,-59.14,-1.28,-27.37,-0.58,2.89,-7.42,-6.35,-11.9,7.4,1.12,-28.85,-10.52,-24.29,-19.27,1.32,2.43,25.14,-1.21,-1.21,-11.9,0.69,-15.09,-14.06,-1.85,-28.18,4.04,396.44,8.51,410.83,-107.73,13.11,22.82,-28.4,-85.9,103.42,96.76,-41.61,22.82,10.62,9.58,-77.22,0.3529912650947017
23,2019,4.34,4.48,0.22,-41.44,41.91,57.97,0.57,54.82,0.62,54.74,4.39,49.23,0.44,-11.11,1.32,0.42,4.69,7.07,6.28,6.96,-1.77,-0.61,1.06,6.59,20.54,-10.04,2.81,-6.25,0.37,-49.27,5.24,11.59,1.85,1.88,1.06,0.39,-9.18,-10.86,-29.83,-11.17,3.88,55.7,-8.05,-4.49,799.32,-2.6,17.5,41.38,33.85,201.68,-58.72,-100.59,17.5,-8.32,20.36,-37.45,-0.0679791116918953
24,2020,8.48,4.99,-0.71,-14.51,21.85,21.26,0.28,21.57,0.28,21.57,6.09,12.39,6.49,10.12,72.66,77.15,18.23,30.47,12.33,11.87,-2.41,-0.22,6.87,24.53,9.61,11.56,-1.18,7.44,8.09,1.22,6.89,5.68,5.46,5.44,6.87,0.5,-16.6,-20.9,-49.62,19.03,1.87,21.91,10.38,26.76,-32.98,28.76,32.91,-10.98,22.04,-43.87,-35.21,8984.38,32.91,27.26,-3.27,5.62,0.1178181514001486
25,2021,24.47,25.16,16.79,-44.99,65.28,58.15,0.11,57.13,0.17,57.04,10.68,26.39,20.06,-3.99,43.38,43.3,1.14,18.58,-0.78,3.04,-2.54,-2.21,3.65,5.68,10.06,-6.06,-4.8,-5.68,-0.94,1.35,14.12,-6.39,9.21,9.15,3.65,-0.4,-30.72,-36.53,-100.85,7.74,3.67,57.31,6.34,-28.42,-13.57,33.31,-13.41,31.51,-9.35,470.47,97.7,4.27,-13.41,51.08,5.97,-15.25,0.0363559231937149
26,2022,1.34,-0.11,-0.67,-73.83,1.16,-1.95,-1.24,-0.72,-1.4,-0.56,-4.08,-3.25,-0.42,-1.66,-0.77,0.85,36.9,4.06,2.27,4.38,-4.6,-3.42,-1.01,7.18,18.19,-15.27,-15.82,-15.43,-4.18,0.98,11.83,-3.86,2.47,2.45,-1.01,-1.49,-16.48,-18.48,6341.28,-11.95,1.77,-1.95,-7.66,29.5,97.02,-9.04,-5.73,-65.62,-13.35,65.07,38.99,-93.24,-5.73,-9.76,-16.05,-7.23,-0.0123906217715344
27,2023,-8.12,-9.7,-2.66,-432.14,-19.77,-17.45,-0.74,-16.84,-0.85,-16.74,-9.02,-10.16,-7.31,61.1,-28.43,-30.22,-0.68,-10.13,10.83,8.51,0.78,2.7,-1.64,-3.6,-10.64,-5.93,-8.83,-6.8,-8.38,0.65,6.52,-2.63,5.23,5.21,-1.64,-0.21,12.94,7.35,75.39,0.58,-0.87,-17.45,-0.73,-14.44,62.94,-24.21,23.92,251.52,80.06,-67.67,-7.14,-1545.37,23.92,-35.17,19.66,-8.19,-0.2196987550157116
28,2010,28.99,28.21,27.1,141.92,34.44,100.43,-1.03,102.53,-0.9,102.25,0.06,55.38,22.53,0.8,29.59,-24.97,34.91,30.01,15.65,17.23,1.96,2.99,12.2,20.53,26.47,20.11,27.94,21.56,23.29,4.0,12.85,-28.71,6.75,6.75,12.2,-3.97,192.9,174.39,1.52,2.8,5.28,100.43,3.65,-74.32,-112.36,-0.43,41.85,-509.36,-22.56,316.99,-145.07,-365.99,41.85,-5.49,-24.12,-50.32,-0.29095922912453
29,2011,10.95,11.24,10.61,121.13,9.76,7.51,-4.16,12.17,-4.17,12.18,1.02,-3.11,1.92,-40.62,17.98,31.95,14.44,17.27,17.59,18.46,5.05,5.98,10.44,12.77,17.1,-0.57,23.21,4.07,8.79,12.03,9.16,71.85,11.38,11.38,10.44,-2.06,-32.49,-39.39,11.67,0.14,8.86,7.51,-7.7,431.5,-443.3,38.66,23.96,-65.25,-34.67,-22.58,155.67,-190.06,23.96,41.31,-32.84,28.98,-0.0815146276924088
30,2012,4.45,3.75,8.37,-63.87,8.07,-0.01,-0.55,0.54,-0.24,0.23,-3.62,-4.26,-6.98,13.6,21.52,44.02,-2.7,14.85,25.86,21.23,6.4,8.11,10.94,-8.64,1.68,-0.54,19.56,4.1,3.16,10.34,7.26,2.54,15.25,15.25,10.94,0.53,-86.06,-87.9,24.2,12.95,12.28,-0.01,10.94,-1.63,-86.61,-2.83,28.9,-26.93,10.2,-57.16,-57.35,82.63,28.9,-7.84,26.05,-2.83,0.1988047707847313
31,2013,-7.91,-11.51,9.71,59.16,-68.17,-65.18,1.34,-65.64,2.14,-65.91,-43.36,-62.19,-13.38,560.19,-10.3,-41.44,-2.82,-6.59,-119.3,-52.83,31.09,12.25,4.07,5.2,19.96,0.16,16.66,4.54,10.47,11.65,-1.06,50.11,0.89,0.89,4.07,0.43,845.13,836.78,-28.21,-22.14,6.31,-65.18,7.16,-3.97,1802.38,-23.2,-30.51,-686.4,41.11,154.2,138.21,-236.04,-30.51,-21.59,125.47,120.55,0.2931594942651225
32,2014,2.26,1.62,3.48,-23.51,-4.01,-12.56,-0.7,-11.95,-0.97,-11.71,-7.77,-14.5,-3.07,-2.38,17.83,33.89,-1.34,13.76,0.56,19.0,-0.37,-2.38,3.91,10.05,64.55,-39.23,-4.28,-28.88,10.11,11.37,-0.28,-117.56,0.54,0.54,3.91,0.25,-41.58,-41.89,4.15,-30.87,5.5,-12.56,-2.38,-2.59,95.41,11.81,-21.25,14.01,-58.34,-37.89,-9.24,-149.46,-21.25,18.27,18.57,27.87,0.100188445890853
33,2015,15.64,14.93,7.37,-56.63,155.58,148.29,0.18,147.85,-0.26,148.94,48.06,114.72,4.03,8.25,6.65,-21.55,13.55,4.76,42.56,0.29,12.45,11.66,8.72,-3.7,-11.83,109.34,0.07,65.79,17.38,10.76,4.98,1988.95,3.56,3.56,8.72,0.07,159.67,150.74,-31.45,18.82,11.15,148.29,8.25,-8.51,-49.53,14.12,24.68,-38.77,203.31,23.8,-60.45,-175.84,24.68,12.75,9.16,-54.04,0.2994256448642081
34,2016,22.08,24.27,12.31,84.48,64.24,85.65,-0.08,85.81,-0.56,86.71,20.07,52.07,7.99,-2.34,19.39,15.37,23.96,21.11,59.81,3.66,1.04,-0.54,8.36,11.12,27.02,-0.27,-5.88,-1.62,11.8,10.31,11.87,2.67,6.05,6.05,8.36,-0.67,-13.58,-18.5,21.14,-4.65,13.05,85.65,-2.34,15.67,77.38,49.69,10.2,7.36,-35.5,101.7,443.49,-167.86,10.2,55.38,-22.24,-19.37,0.0005619967961354
35,2017,24.72,24.96,13.44,-46.53,48.95,44.93,-0.95,46.32,-0.63,45.85,9.66,16.21,8.99,-1.67,22.23,128.03,46.21,24.11,12.21,14.79,7.58,6.12,14.39,29.5,25.46,-1.09,17.28,3.14,15.02,10.09,17.98,-35.59,13.94,13.94,14.39,-0.65,-147.67,-141.84,16.12,-1.07,14.43,44.93,-1.67,26.31,29.04,32.42,-12.6,126.9,-53.87,1.33,8.53,763.31,-12.6,37.02,35.32,-8.63,0.5079859755376148
36,2018,23.67,24.54,19.25,52.67,30.7,52.94,-0.53,53.76,-0.62,53.9,3.32,23.67,4.08,6.29,-44.52,-28.76,8.01,-32.99,0.37,14.74,86.97,90.89,29.12,23.51,21.93,119.24,47.06,100.35,54.82,11.87,23.42,32.47,10.66,10.66,29.12,-0.73,-684.49,-628.16,-298.67,-45.04,18.83,52.94,6.29,35.5,9.14,38.33,49.66,-9.64,957.92,97.42,-99.53,-151.43,49.66,37.59,-2.69,-9.56,0.353402034705563
37,2019,23.71,21.23,22.56,36.32,14.71,13.92,-1.02,15.09,-1.2,15.31,-1.26,-7.91,16.73,80.31,29.36,61.33,16.66,33.72,-16.67,20.27,2.11,2.56,10.62,20.1,90.44,-76.02,7.32,-60.02,8.78,14.41,25.5,26.94,12.48,12.48,10.62,-1.09,-40.05,-46.7,-58.07,-29.78,5.98,13.92,80.31,22.48,-78.47,9.73,25.28,-71.25,-90.29,35.4,52810.27,-254.21,25.28,8.63,10.04,-3.68,0.1690074410949691
38,2020,15.19,17.34,10.52,-3.76,30.31,78.22,-1.03,80.07,-1.42,80.79,11.37,54.72,15.79,21.17,43.45,68.97,-8.91,25.42,-298.1,54.99,7.21,13.11,16.96,7.66,-32.71,366.77,-15.24,169.83,7.7,13.1,32.25,-15.97,25.96,25.96,16.96,-0.69,-124.26,-119.26,-142.37,86.38,-0.52,78.22,21.17,-164.32,77.1,29.53,25.46,59.62,-9.03,10.45,18.4,78.89,25.46,29.86,18.66,-27.32,0.3537989893856543
39,2021,22.67,24.89,18.58,59.02,36.61,-8.33,-0.83,-7.56,-0.82,-7.56,7.57,-25.27,6.28,4.1,-3.24,-14.16,34.33,6.2,21.79,5.59,14.96,15.19,12.18,17.36,25.76,-0.87,4.93,0.07,12.92,14.56,21.9,-13.29,11.56,11.56,12.18,-0.84,-177.29,-169.28,-78.88,-15.56,15.42,-8.33,4.1,-378.99,53.23,26.12,-21.24,-158.28,750.0,31.62,23.31,-132.71,-21.24,29.86,15.54,37.58,-0.1350795039156394
40,2022,11.54,10.93,14.45,-7.22,5.31,-1.37,-1.47,0.1,-2.08,0.73,-5.39,-11.57,-0.87,8.63,5.14,10.2,9.96,3.99,12.18,9.4,-2.8,-2.26,-0.28,6.76,17.25,-11.58,0.43,-9.54,5.38,17.09,18.46,113.87,-5.04,-5.04,-0.28,-2.74,-138.35,-140.39,-170.99,-11.31,12.51,-1.37,8.63,42.32,17.89,8.51,33.94,-99.61,-83.8,71.41,58.68,-174.2,33.94,7.3,-57.48,10.02,-0.2121071911826775
41,2023,10.24,10.45,9.33,-265.56,13.17,14.13,-2.77,17.38,-2.55,17.11,-1.88,3.53,7.64,1.87,28.64,68.58,7.7,23.21,220.11,77.93,-6.41,2.9,9.62,-24.47,1.51,-0.96,6.7,0.48,1.12,17.41,17.75,-2.73,17.56,17.56,9.62,-1.52,3177.57,2688.06,-1254.8,21.37,2.41,14.13,1.87,-28.2,-205.65,-6.84,-18.55,-56900.0,-236.14,-34.85,-24.07,553.72,-18.55,-6.14,99.6,-18.37,0.5304937848504878
42,2010,-1.91,-1.91,7.37,-9.78,-9.78,8.67,0.13,8.52,0.3,8.34,-205.31,10.79,1.11,-203.3,4.72,-8.17,7.15,2.03,-6.97,-6.97,1.49,-1.57,-1.34,-2.83,-2.83,-0.03,-3.77,-3.57,-3.54,0.13,1.51,-91.26,13.92,13.89,-1.34,-0.74,0.91,-11.4,16.23,5.0,-2.99,8.67,-203.3,-2.92,-94.74,-14.23,-14.29,14.84,-32.21,12300.0,-19.53,-125.38,-14.29,-14.23,21.53,-21.07,-0.0374959068597824
43,2011,3.99,3.99,7.37,-14.74,-14.74,-15.09,-3.63,-11.89,-3.58,-11.94,157.79,-18.35,-1.26,168.09,6.27,38.08,1.67,64.03,-0.76,-0.76,-28.74,-9.2,-4.06,6.56,9.61,0.725,0.6,0.57,-4.44,0.41,1.1,-96.2,-1.8,-1.8,-4.06,-6.0,-4.0,-2.25,0.48,-0.87,5.32,-15.09,168.09,-55.89,-709.09,-47.71,51.85,249.06,164.19,653.23,29.73,-528.0,51.85,-52.28,47.92,-38.42,-0.1135617199218136
44,2012,2.02,2.02,18.74,244.38,244.38,192.64,-6.01,211.36,-5.75,210.51,50.91,186.83,-0.62,53.97,-23.03,3.87,180.85,19.12,8.21,8.21,-21.22,-0.87,1.1,8.43,9.61,2.52,-0.64,-0.47,-0.46,-0.84,4.52,-16885.71,10.21,10.04,1.1,-4.39,2.32,-7.02,9.55,-0.87,2.66,192.64,53.97,-16.08,127.99,58.32,15.85,-81.79,-74.34,-2.25,-41.53,-85.98,15.85,64.53,-11.33,-45.9,0.3682813318777904
45,2013,3.58,3.58,6.53,2.72,2.72,-1.13,-5.11,3.42,-4.6,2.87,-8.43,-4.54,1.47,-5.15,-2.36,-16.25,-6.95,-6.1,3.54,3.54,60.51,-2.18,-2.7,-27.45,9.61,2.38,-4.46,-4.07,-4.07,-0.6,5.32,-10.98,4.37,4.37,-2.7,-6.26,5.24,0.83,3.43,-0.87,2.07,-1.13,-5.15,91.86,-55.97,38.9,-27.37,10.24,-0.06,100.88,29.27,-536.67,-27.37,45.72,-2.09,40.48,0.0898323923634791
46,2014,2.12,2.12,-1.05,24.73,24.73,25.0,-7.11,30.63,-6.83,30.23,-2.61,22.4,0.09,-0.54,4.2,-2.67,8.53,7.7,0.68,0.68,-49.75,-15.12,-12.13,21.2,9.61,-16.24,-15.5,-15.55,-15.49,1.78,6.36,-46.37,3.84,3.84,-12.13,-6.9,-17.9,-20.93,13.25,-0.87,2.03,25.0,-0.54,-83.9,4.09,-23.72,39.13,-46.5,2.59,25.46,-18.11,-86.26,39.13,-26.94,54.1,-38.97,0.1984276700876515
47,2015,1.17,1.17,-5.99,-22.52,-22.52,-23.82,-7.02,-19.51,-7.17,-19.39,0.19,-24.71,-2.23,1.37,-18.14,-24.66,0.77,-2.76,-0.68,-0.68,1.45,-3.67,-3.57,-6.17,9.61,-1.35,-1.82,-1.79,-1.85,1.43,4.15,-234.58,-10.22,-10.22,-3.57,-8.85,2.03,13.64,-8.48,-0.87,3.48,-23.82,1.37,142.67,-223.57,11.74,5.21,70.04,-54.23,22.03,-7.28,800.0,5.21,12.38,-26.54,46.69,-0.092200153120295
48,2016,2.47,4.9,0.61,-16.09,-16.09,-13.54,-7.06,-7.8,-7.25,-7.61,0.48,-15.63,-2.0,2.96,80.51,-11.92,1.99,14.31,4.0,4.0,-12.14,1.78,3.78,24.42,9.61,23.87,2.75,4.02,4.02,1.78,3.21,-44.9,2.74,2.74,3.78,-3.94,27.69,24.29,-0.59,-0.87,4.57,-13.54,2.96,11.4,166.76,10.43,3.3,-204.83,-440.43,-52.39,-66.24,-63.58,3.3,11.08,0.48,27.72,0.1218894904515985
49,2017,5.45,5.37,13.44,44.92,44.92,69.9,-2.9,79.71,-2.52,79.01,19.91,61.12,6.92,26.44,-45.79,41.51,2.54,-9.43,0.66,0.66,33.04,6.27,3.51,0.61,9.61,0.05,2.24,2.08,2.08,0.3,6.23,-161.78,9.61,9.61,3.51,-3.01,-3.01,-11.52,3.04,-0.87,-1.38,69.9,26.44,-56.84,-68.36,8.04,-4.47,-153.77,-52.1,11.82,91.55,-406.78,-4.47,9.1,28.24,-36.41,0.2422462216805423
50,2018,3.35,1.04,-89.95,-34.15,-34.15,-32.27,-3.92,-31.85,-3.97,-31.82,2.37,-34.46,-2.98,5.8,37.68,-19.12,6.88,11.45,-2.52,-2.52,-2.85,-2.26,-0.15,16.54,9.61,1.59,1.16,1.19,1.19,-0.09,1.9,-54.09,-5.49,-5.49,-0.15,-6.48,3.82,9.86,-9.08,-0.87,6.53,-32.27,5.8,469.43,75.0,19.96,-7.36,-79.4,42.07,54.05,22.27,-165.19,-7.36,21.99,-36.39,77.11,-0.1328285609186563
51,2019,12.21,4.34,-75.64,131.7,131.7,124.4,-5.64,146.39,-5.58,146.24,12.84,99.99,10.78,-75.34,30.29,-32.26,-0.23,5.36,9.57,9.57,-1.21,7.17,6.86,18.22,9.61,2.79,3.36,3.32,3.32,4.61,9.18,1552.54,21.99,21.99,6.86,-3.92,5.73,-13.33,17.59,-0.87,1.29,124.4,26.61,-151.73,30.33,-0.89,56.32,-1082.53,63.29,-24.66,-30.53,36.44,56.32,-4.12,25.85,-55.83,0.0994322965089096
52,2020,0.26,0.89,-144.74,14.29,14.29,15.04,-5.06,22.96,-5.4,23.4,5.75,14.74,10.08,-6.35,77.99,11.54,0.1,2.56,-7.69,-7.69,-6.99,5.54,5.03,7.395,9.61,18.01,0.71,1.94,1.94,1.01,9.76,69.44,16.23,16.23,5.03,-4.7,18.35,1.83,15.28,-0.87,-8.92,15.04,6.03,-25.02,-99.7,7.06,-28.87,137.4,22.59,0.12,-19.01,-124.22,-28.87,10.37,-12.23,-6.94,-0.1637566303207177
53,2021,12.94,20.74,1162.75,-7.34,-7.34,-7.48,-5.39,-71.26,-5.2,-71.32,40.17,-74.61,-12.95,218.64,-41.64,102.39,17.13,11.37,-11.16,-11.16,-20.07,-27.48,-21.07,7.395,9.61,1.93,-24.57,-22.4,-22.4,168.69,1.0,-80.18,-16.67,-16.84,-21.07,-7.57,-3.16,16.46,-1.61,-0.87,29.74,-71.92,58.31,-430.14,-4500.0,-6.83,12.01,-167.95,-114.82,79.62,160.57,889.74,12.01,-7.95,9.43,224.9,-0.1702818901916896
54,2022,1.63,1.6,-118.01,-128.82,-128.82,-126.44,-8.01,-203.65,-9.33,-205.16,-23.26,-180.67,2.0,-6.12,2.87,-3.54,2.08,2.3,5.11,5.11,-1.04,-2.6,-1.49,7.395,9.61,-0.15,9.53,8.5,8.47,-59.7,-4.39,-464.73,-30.6,-30.95,-1.49,-6.41,0.21,45.13,-38.62,-0.87,-0.37,-187.1,-22.01,123.0,-39.77,0.1,21.74,-148.95,-438.82,-19.23,-34.73,-106.99,21.74,-1.47,3.16,-222.09,0.3781744805255231
55,2023,11.05,11.05,-92.24,-81.27,-81.27,-84.38,-3.21,-76.94,-3.21,-76.94,-25.15,-87.09,13.34,99.43,19.49,-1.9,0.44,4.33,-12.97,-12.97,-7.06,5.85,5.52,7.395,9.61,-0.28,7.06,6.33,6.36,1.74,-2.43,-70.7,1.69,1.61,5.52,-0.19,-0.11,-1.7,-10.25,-0.87,-2.02,-84.38,-16.88,-94.57,-6567.92,-17.44,-36.43,95.26,73.55,-86.71,-63.65,-48.15,-36.43,-15.74,22.92,475.74,-0.1786096648011015
56,2010,20.19,30.33,-362.5,-139.56,137.99,59.12,5.65,46.65,8.11,43.31,-45.03,4.22,12.61,447.14,-33.15,-63.43,29.93,-15.93,-81.62,-72.26,-32.6,-71.48,-45.32,-11.06,-24.25,-48.54,-90.02,-55.73,-46.27,2.32,-7.93,-99.35,56.33,-41.24,-45.32,1.79,-48.41,-12.19,-5.77,10.99,6.73,60.75,-66.05,158.24,44.47,-187.1,-68.24,-89.53,-11.78,-88.19,-68.24,-245.17,-68.24,-8100.0,-421.04,-169.53,-0.2827858113382594
57,2011,1.14,-0.71,52.38,-467.72,-100.1,5.1,2.25,1.95,1.23,2.98,-36.9,3.07,1.14,-17.23,-1.34,43.4,-5.06,-10.16,3.71,5.63,-14.63,25.91,-0.2,-14.78,5.97,-30.21,-29.21,-30.17,-14.86,1.47,-8.98,-600.0,56.96,56.96,-0.2,2.2,-27.68,-53.92,92.9,-15.22,4.13,4.25,-17.23,-174.04,-83.21,-192.72,68.92,-253.85,-89.94,20.0,-101.24,-125.02,68.92,-123.57,-127.74,-188.94,-0.3398214770394064
58,2012,-17.45,-57.99,-17.04,-44.11,121600.0,-338.99,1.93,-336.38,-0.13,-341.26,-207.68,-391.86,-11.38,-17.98,-43.23,-36.82,-31.45,-29.85,-9.37,1.0,56.64,0.58,-19.26,12.02,-21.25,33.4,-55.56,29.87,2.91,1.96,23.77,-40.0,-66.16,-66.16,-19.26,2.15,30.17,284.69,-112.11,-10.92,-6.85,-340.94,-17.98,-309.77,-187.3,-188.48,-46.8,188.57,-83.19,-22.22,-716.67,-221.67,-46.8,-456.82,-232.03,-63.28,-0.689612455010302
59,2013,-2.27,60.16,-18.1,-39.08,-93.92,-92.98,1.75,-93.1,1.75,-93.1,-147.19,-92.82,-5.3,-9.23,9.48,58.29,32.06,27.33,-47.42,-21.87,13.5,-16.25,8.42,15.72,15.82,-1.91,532.14,5.33,9.56,1.34,1.35,-33.33,1.12,1.12,8.42,1.68,-20.36,-21.24,-29.13,9.94,3.2,-92.98,-9.23,-59.73,-303.64,-56.21,-36.84,-25.5,-2494.74,-71.43,-64.86,-200.0,-36.84,-50.74,450.81,524.1,0.316487392508052
60,2014,3.91,-7.03,-10.39,244.03,437.84,385.54,1.86,376.69,1.86,376.69,5.53,367.29,14.31,-13.98,-5.2,-7.36,-1.68,-5.13,-12.72,-3.06,-28.32,-29.04,-13.14,-15.71,-11.0,1.85,-40.68,-1.61,-5.62,0.81,6.46,150.0,-65.62,-65.62,-13.14,7.03,18.33,244.25,149.39,6.6,-9.1,385.54,-13.98,167.35,-35.04,-33.78,13.1,-72.43,-102.64,10.45,253.85,-120.0,13.1,-16.81,1382.32,-86.36,-0.4239838171312249
61,2015,-27.52,-41.27,-20.2,-46.25,62.31,63.77,1.95,60.63,1.95,60.63,-172.51,125.94,-22.74,-17.73,-24.52,-2.48,-34.84,-15.2,-37.75,-41.43,-17.56,-23.47,-17.47,-16.37,-2.57,-0.15,-18.1,-1.03,-1.65,0.98,9.93,60.0,-320.32,-320.32,-17.47,2.06,4.98,-147.65,316.31,-12.97,-6.19,63.77,-17.73,-60.81,-135.05,141.84,1.05,183.13,-1325.0,10.45,52.17,-68.75,1.05,72.54,-97.56,47.67,0.0821722906703328
62,2016,7.04,-7.59,-4.56,-77.55,-30.65,-24.7,6.64,-29.39,6.64,-29.39,25.74,-29.65,18.79,-20.36,61.02,61.02,-41.65,9.05,-12.77,-10.47,-5.49,0.25,6.82,21.89,-4.06,-29.38,44.19,-26.39,-17.5,18.76,6.8,-37.5,-200.97,-200.97,6.82,18.06,-88.42,-111.47,-117.19,13.67,-9.89,-24.7,-20.36,77.92,76.47,-137.97,-19.79,-58.8,81.63,16575.0,74.29,-2495.0,-19.79,-103.9,-454.7,-150.43,2.855869496243227
63,2017,24.74,82.67,11.09,104.55,-115.4,-108.65,14.01,-107.59,14.01,-107.59,-212.04,-106.94,14.93,8.27,-6.25,-6.25,28.62,3.64,59.15,13.62,5.46,16.06,6.59,10.13,10.4,-7.67,-4.84,-7.44,0.83,1.56,-0.55,-220.0,46.88,46.88,6.59,3.42,22.81,-16.39,136.46,-6.13,8.54,-108.65,8.27,-47.08,-246.67,-24.44,46.75,-58.8,-142.7,10.45,-127.05,-116.49,46.75,-446.15,-4.97,-973.28,-0.2876741177861093
64,2018,21.5,34.23,9.98,-10.37,378.26,683.72,3.15,659.78,11.76,601.22,46.86,545.01,7.07,18.06,-2.45,-9.03,208.75,35.01,33.33,5.39,1.84,10.68,28.7,36.42,33.51,-15.92,62.71,-9.49,12.33,3.39,-4.18,-233.33,107.2,107.2,28.7,3.93,-18.1,-60.47,131.17,1.12,13.48,683.72,18.06,75.17,175.38,-50.0,44.25,-133.19,49.12,-100.9,-184.85,36.71,44.25,186.67,76.33,-93.62,0.8580924004399398
65,2019,3.95,17.2,33.45,114.05,12.73,1.19,11.1,-8.92,5.26,-3.87,37.71,-2.66,-7.9,51.76,30.02,35.99,50.53,29.86,-118.1,-33.18,135.41,40.85,32.31,25.27,18.9,-38.51,-18.23,-35.53,-2.71,13.87,-4.59,-5.62,123.3,123.3,32.31,16.42,-669.77,-355.16,93.15,9.22,12.87,1.19,51.76,71.65,-25.45,1350.0,33.13,-152.56,-12.35,10.45,53.57,-458.33,33.13,-313.95,-27.47,1332.99,1.195509811550553
66,2020,45.05,51.57,32.67,-63.71,242.74,630.21,8.52,572.85,7.77,577.57,33.62,403.43,31.23,37.21,52.36,8.8,11.67,33.63,5.11,20.43,96.31,97.0,48.67,2.49,2.46,-22.48,12.74,-15.91,-2.37,5.82,-35.1,-312.5,106.47,106.47,48.67,3.5,29.08,-37.48,44.65,30.42,10.53,630.21,37.21,-293.12,71.77,117.24,35.48,-1704.88,538.93,1200.0,-86.05,-67.7,35.48,181.52,14.55,-70.25,0.8371926679144308
67,2021,68.33,82.4,45.53,-122.34,187.76,26.99,2.45,23.95,1.82,24.71,41.74,-24.56,36.84,30.79,57.55,58.93,30.44,39.72,3.17,25.91,35.93,36.08,38.57,63.54,75.42,-34.27,88.14,-3.67,57.5,4.97,-68.49,-117.65,28.44,28.44,38.57,-0.33,75.65,36.76,-7.11,-20.35,23.02,26.99,30.79,-179.57,-16.86,228.76,2.38,-42.55,-27.94,2462.82,-31683.33,652.0,2.38,314.41,-42.29,158.89,0.3001489990914092
68,2022,43.61,33.72,61.33,-480.95,-67.73,-58.25,28.69,-67.56,27.83,-67.34,-6.4,-70.93,-10.96,353.56,62.28,90.73,52.44,74.99,-816.92,84.57,1257.31,1270.2,444.17,57.52,50.21,720.34,980.48,847.36,160.67,423.61,-90.97,1266.67,630.29,630.29,444.17,33.55,6.57,-85.41,-43.67,16.49,61.29,-58.25,820.52,-125.52,138.5,1.25,49.5,-534.66,-391.4,105.5,72.24,144.68,49.5,-3.26,-46.91,142.54,-0.3554674931478849
69,2023,-3.9,-1.35,0.68,-213.75,-58.45,-35.3,3.4,-37.43,3.44,-37.45,-25.58,-32.68,-7.6,69.1,-1.4,-18.66,30.45,11.65,376.82,103.19,-6.18,-2.75,0.45,-23.49,5.02,-21.34,-15.18,-17.91,-6.52,2.88,-651.91,-75.61,2.09,2.09,0.45,0.25,-38.13,-39.4,37.8,6.3,4.0,-35.3,-16.68,-281.87,65.17,-53.24,21.33,-144.74,-171.19,-65.63,-64.89,-139.22,21.33,-64.01,339.95,-27.72,1.033594502632824
70,2010,-25.22,-10.92,-0.68,-34.78,-37.79,-36.27,33.4,2.99,33.9,2.61,-17.38,83.72,15.05,-39.56,55.83,55.83,-16.14,21.08,-37.33,-47.23,27.85,4.71,11.08,-7.65,9.26,4.44,16.31,11.87,10.72,2.4,23.73,-0.65,14.36,11.6,11.08,0.69,-19.67,-28.02,199.06,10.82,-35.0,-36.27,-39.56,-108.16,-140.69,-53.36,25.29,-48.31,-43.16,10.45,-85.68,3.9,25.29,-68.3,205.94,-66.06,0.2096761597034837
71,2011,14.85,14.93,2.39,-389.33,117.07,94.75,0.82,171.45,0.89,171.26,32.55,138.29,12.69,15.2,426.32,289.74,17.59,34.9,22.02,16.97,-13.85,-6.23,11.22,27.12,-3.15,82.76,-33.47,7.13,2.65,-0.56,61.45,31.17,23.19,23.19,11.22,-0.01,-101.27,-101.03,-28.58,39.28,1.92,94.75,15.2,-260.68,77.32,-55.93,9.94,-58.8,-294.44,10.45,-1120.38,708.69,9.94,-97.9,74.73,-83.9,0.069028565543628
72,2012,13.38,27.19,20.84,48.85,44.77,46.22,0.17,-48.17,-0.04,-48.06,20.92,-54.21,10.26,16.17,-26.03,-42.4,15.47,-8.4,9.64,10.85,-1.54,1.55,-3.57,1.45,-4.02,-49.19,15.55,-23.03,-15.21,-0.01,17.15,6.51,9.97,9.97,-3.57,0.84,1188.89,1071.99,47.05,-4.56,2.83,46.22,16.17,38.83,-75.76,161.45,30.65,-173.91,-167.13,-6.38,-258.24,-157.04,30.65,4826.67,-23.0,403.63,0.4610752164747025
73,2013,11.06,18.68,16.43,-139.94,1.11,4.37,-0.3,7.25,-0.34,7.3,8.64,-3.72,6.19,9.34,4.99,42.64,7.83,8.89,13.19,11.49,-2.18,2.41,5.58,22.09,18.42,-21.06,-15.22,-17.51,-0.77,1.25,14.86,-19.16,11.27,11.27,5.58,-1.28,713.79,631.35,23.99,-8.05,4.59,4.37,9.34,-207.66,-224.12,94.44,39.77,-2850.0,-90.55,235.0,-37.83,-157.91,39.77,146.14,-1.09,81.83,0.4340449619071058
74,2014,9.39,11.05,9.08,-96.12,21.28,22.45,-1.98,24.93,-1.94,24.87,2.66,11.94,0.57,0.17,11.5,-16.1,3.64,9.41,9.3,7.53,-3.27,0.88,5.18,3.62,2.42,18.23,8.33,12.06,6.7,1.37,15.61,4.98,3.96,3.96,5.18,-2.02,-49.36,-51.29,3.71,6.82,8.77,22.45,0.17,2.14,-226.32,-5.62,-11.87,-228.24,2412.2,40.84,-24.37,-153.87,-11.87,-2.25,11.18,-22.92,-0.0550571994819881
75,2015,7.66,17.51,6.75,-780.0,40.39,36.14,-1.64,38.41,-1.63,38.4,23.69,26.45,-0.37,5.35,19.06,1.31,5.47,10.33,3.51,6.24,-2.62,-0.43,5.22,8.63,7.93,12.38,-1.19,4.2,6.19,2.3,18.95,15.22,4.42,4.42,5.22,-1.62,-21.97,-25.27,4.24,2.23,8.06,36.14,5.35,-97.56,-96.79,30.5,-15.56,-5.42,-9.66,23.41,29.28,-106.85,-15.56,52.81,12.85,-4.14,0.380767989322661
76,2016,5.89,10.84,7.89,-38.24,14.91,15.41,-1.64,17.33,-1.22,16.84,7.39,8.99,-8.46,3.33,16.96,2.1,3.45,7.33,4.34,7.58,15.85,11.57,9.24,19.66,17.21,34.01,-6.73,10.73,14.24,1.06,17.94,15.89,5.06,5.06,9.24,-1.4,-90.88,-91.32,-9.38,-8.43,15.67,15.41,3.33,1242.86,-4780.0,29.67,11.0,13.49,61.31,5.54,-9.41,61.9,11.0,34.67,-3.7,12.36,0.1553800785477654
77,2017,11.57,10.67,9.0,-85.71,12.61,-9.19,-1.17,-8.11,-1.26,-8.03,0.73,-18.61,7.41,7.68,8.67,4.9,15.37,13.11,14.51,13.68,3.98,7.64,10.59,3.17,2.99,27.34,21.59,24.57,12.56,1.11,12.53,-17.54,8.81,8.81,10.59,-1.03,-1038.24,-962.27,1.46,9.83,3.87,-9.19,7.68,5.32,-207.05,-26.91,16.73,-83.84,-47.34,2.88,8.95,138.24,16.73,-36.54,59.78,-19.52,0.113611058222828
78,2018,6.38,5.39,4.96,1933.33,7.1,49.81,-1.2,51.64,-1.38,51.91,-0.75,40.83,5.08,2.57,-21.34,-25.07,8.17,-7.26,2.1,3.46,-0.95,0.17,-3.93,0.96,-0.41,-45.05,-2.6,-25.11,-12.53,1.28,17.3,17.13,4.14,4.14,-3.93,-2.04,-160.03,-157.65,15.83,-6.88,1.24,49.81,2.57,2.02,54.29,37.53,-9.55,-448.56,-91.97,45.65,243.92,-636.42,-9.55,56.63,-46.23,-8.2,-0.2311146548003556
79,2019,-6.12,-9.56,-5.07,14.75,-15.36,-16.7,-3.01,-14.12,-3.18,-13.96,-7.18,-11.27,1.34,8.9,-14.51,44.01,-8.93,-8.43,-103.56,-46.0,76.57,8.7,-0.44,-3.46,-2.39,42.68,-11.21,9.75,2.71,1.54,10.49,-0.71,-2.92,-2.92,-0.44,-3.44,134.99,142.06,-10.48,-6.18,-7.36,-16.7,8.9,31.68,-93.01,1.63,-24.41,183.17,-366.93,42.0,-28.16,-231.53,-24.41,7.73,10.41,22.01,-0.1522912468348309
80,2020,-3.25,-6.14,-7.73,-157.14,-5.97,-6.78,-2.37,-4.52,-2.46,-4.43,0.42,-3.65,5.1,2.17,25.06,53.24,-0.76,7.84,412.5,-1.59,4.08,-0.96,3.36,15.85,15.63,-55.43,-7.61,-31.79,-5.66,1.42,8.01,-7.78,10.89,10.89,3.36,-0.37,411.0,360.82,18.6,-6.74,-7.95,-6.78,2.17,-4.51,-2405.56,23.21,-11.8,-66.59,-65.19,-80.29,-0.27,74.19,-11.8,28.97,-5.8,32.18,0.0120277418669694
81,2021,22.23,18.29,6.22,-502.5,40.93,41.23,-1.01,42.66,-0.79,42.35,6.53,15.54,24.01,-2.62,-8.44,-22.65,8.44,8.32,-1.12,9.66,10.85,11.61,9.93,25.18,26.23,50.71,9.08,22.84,25.13,3.02,12.63,3.18,-0.87,-0.87,9.93,-2.54,-46.38,-45.91,-20.75,-14.19,-1.44,41.23,-2.62,-6.3,-48.43,14.05,32.22,-197.96,-3065.25,546.38,12.33,-165.19,32.22,12.01,33.55,-19.24,0.323855187769857
82,2022,6.08,1.43,-4.35,-2801.86,-64.24,-51.61,-3.2,-50.01,-3.43,-49.89,0.88,-54.38,21.1,-1.28,-23.69,-11.75,-8.39,-6.78,57.86,-2.93,1.82,-1.35,-4.09,-17.34,-16.5,68.19,-5.69,24.26,-3.51,1.24,2.07,-75.14,-4.61,-4.61,-4.09,-4.11,-81.06,-80.15,-2.49,11.64,-12.41,-51.61,-1.28,2090.76,-383.33,-38.95,-6.39,-228.57,-102.31,10.1,2.33,-75.89,-6.39,-43.27,0.67,26.17,-0.1263142508526764
83,2023,2.63,11.67,8.42,-94.51,227.89,136.15,-3.12,143.76,-3.06,143.6,10.69,130.09,2.63,1.82,-24.57,-13.11,2.55,-8.17,-513.28,134.63,-41.76,0.88,-3.55,1.09,1.19,-59.32,-4.94,-34.78,-13.57,2.61,12.93,2.18,5.53,5.53,-3.55,-2.42,355.25,331.38,18.11,-9.24,4.13,136.15,1.82,-91.33,-107.04,71.26,3.27,-24.42,-397.53,-24.04,58.94,23.0,3.27,86.14,-13.61,-27.48,0.2244682095528547
84,2010,13.44,14.33,22.0,109.93,109.93,89.85,1.71,121.35,2.05,120.62,-24.45,67.9,8.42,-14.3,6.25,6.25,5.26,-10.82,4.42,6.89,44.5,23.3,18.55,9.1,15.29,26.92,8.2,18.13,19.09,6.98,33.05,28.79,14.29,14.29,18.55,0.42,36.84,19.74,-4.6,-22.64,4.63,89.85,-14.3,-11.18,-201.33,45.49,14.9,-181.86,-81.8,-88.11,73.96,-99.5,14.9,49.7,-25.4,-23.62,-0.0494552538231625
85,2011,7.7,8.63,13.48,16.63,16.63,20.75,-0.84,21.23,-0.92,21.33,-7.05,12.94,5.12,0.11,47.06,47.06,10.0,43.4,15.9,9.83,4.14,-1.57,4.08,10.37,13.65,-9.09,16.23,1.8,2.29,2.25,45.23,-4.47,18.75,18.75,4.08,-2.76,-26.92,-38.46,14.27,26.17,2.46,20.75,0.11,-38.52,254.31,12.78,34.05,-5.67,-60.05,-2436.99,-82.88,-34500.0,34.05,10.53,-3.12,-7.29,0.1166085921981407
86,2012,5.41,5.32,-42.71,-7.26,-7.26,-8.51,-3.65,-4.62,-3.63,-4.64,2.41,-13.84,3.75,7.95,-12.0,-12.0,4.55,-9.54,7.96,11.71,2.85,2.03,6.555,-1.94,-7.57,-1.67,3.41,0.83,5.04,-1.29,4.21,5.82,7.0,6.9,6.555,-5.07,5.26,5.26,0.9,-2.13,1.6,-8.51,7.95,12.28,-136.92,-32.39,-11.44,-73.51,1232.99,105.69,136.13,-131.76,-11.44,-35.07,63.75,-25.56,0.1017896307466661
87,2013,4.41,4.15,-2.67,22.28,22.28,19.57,-4.67,25.42,-4.56,25.28,-1.42,14.52,5.57,2.93,-13.64,-13.64,2.17,-11.35,6.6,8.7,3.34,2.49,6.555,6.12,15.89,-6.78,1.97,-2.37,5.04,1.03,13.05,53.83,7.0,6.9,6.555,-3.71,2.5,2.5,0.96,-23.51,-1.1,19.57,2.93,-13.09,-99.0,20.69,-4.46,-90.02,11.06,-8.18,19.06,-4.32,-4.46,25.08,29.35,0.94,0.3023453159622784
88,2014,4.0,1.76,1.96,13.98,13.98,9.82,-3.42,13.7,-3.49,13.79,-4.6,5.59,20.94,-0.78,15.79,15.79,7.15,7.88,1.63,3.6,4.0,3.01,3.92,6.74,-5.56,5.45,4.17,4.78,2.99,5.35,11.83,34.57,10.53,10.53,3.92,-3.85,-4.88,-13.94,9.74,14.24,-14.01,9.82,-0.78,-36.01,-30100.0,28.58,18.79,808.07,9.6,24.98,-100.28,-216.11,18.79,29.89,-20.31,17.09,-0.0772797035190473
89,2015,-4.3,-2.05,-14.13,-11.71,-11.71,-12.27,-4.4,-9.33,-4.57,-9.17,7.69,-8.33,-5.7,3.06,4.55,4.55,7.15,4.24,4.32,6.87,0.68,0.77,1.26,2.71,11.98,-17.24,15.83,0.05,1.45,3.54,1.6,32.05,7.0,6.9,1.26,-5.28,-23.08,-23.08,0.43,-6.91,1.48,-12.27,3.06,95.84,-24.52,-0.16,12.22,-73.32,2.84,6.46,-18545.45,-75.28,12.22,-1.67,-30.14,13.8,-0.2348281354709429
90,2016,-2.13,11.9,10.19,1.99,1.99,4.75,-6.61,11.84,-6.78,12.05,7.27,7.02,-4.91,4.99,22.21,8.7,7.15,22.09,7.91,-12.2,-5.74,-5.89,-1.24,-10.58,-3.81,-2.08,-0.54,-1.15,-1.43,-4.64,7.3,9.87,7.0,6.9,-1.24,-6.71,-6.67,-6.67,0.43,26.93,2.92,4.75,4.99,-57.92,-71.88,-25.05,2.54,-6.41,-122.8,-0.77,271.22,241.33,2.54,-28.89,26.32,-28.44,-0.0095284817267979
91,2017,4.21,0.61,-4.87,-8.42,-8.42,-49.41,-5.36,-47.35,-5.24,-47.41,15.77,-51.45,6.86,20.64,19.63,32.0,14.89,24.71,-2.35,2.15,12.2,11.41,13.84,29.02,7.41,19.15,19.38,19.29,18.12,-4.12,-20.23,-12.79,-14.29,-14.29,13.84,-5.01,-7.14,8.33,-28.22,16.1,-2.48,-49.41,20.64,233.1,887.61,64.64,-22.76,-131.78,-1078.21,0.4,-262.57,193.44,-22.76,82.19,-15.78,225.43,0.1679639751406778
92,2018,20.52,9.32,38.29,9.55,9.55,152.96,-3.06,165.79,-3.05,165.76,-18.78,109.9,12.35,-2.12,-12.98,-18.18,1.85,-18.42,2.01,6.61,9.31,10.3,4.42,-14.61,-7.53,3.57,3.25,3.38,2.45,0.05,51.08,6.96,22.22,22.22,4.42,-1.37,30.77,6.99,26.26,-11.77,7.27,152.96,-2.12,6.96,-159.62,-34.05,23.35,1564.66,7.34,-62.58,-58.34,-174.33,23.35,-38.93,31.52,-73.93,0.0361708139136328
93,2019,7.98,8.23,11.13,3.78,3.78,-2.34,-3.27,0.92,-3.38,1.03,-14.91,-9.56,-1.23,-8.12,4.6,-11.11,3.64,1.94,9.47,9.25,3.86,5.81,4.76,12.99,22.53,0.725,5.4,3.29,4.79,-3.64,10.98,5.39,4.55,4.55,4.76,-4.37,17.65,12.53,-0.59,-16.8,9.32,-2.34,-8.12,4.69,-141.58,52.65,25.57,97.57,-14.83,187.8,-110.17,-35.64,25.57,57.31,-15.38,56.31,0.0363932856564634
94,2020,-17.15,-16.95,-4.3,-49.03,-49.03,-53.62,-2.78,-52.93,-2.89,-52.88,56.76,-44.02,-16.11,29.88,72.19,37.5,-24.56,75.99,3.74,10.17,-30.03,-19.15,-3.54,-24.89,-38.29,-25.86,17.44,1.04,-4.0,0.88,-0.25,5.77,7.0,6.9,-3.54,-0.62,-70.0,-70.0,1.17,185.21,-1.24,-53.62,29.88,10.3,-371.56,-58.99,-10.15,249.52,-169.62,-78.58,1647.21,-326.91,-10.15,-65.69,102.13,-11.58,-0.1740078993238816
95,2021,17.44,19.06,22.69,148.81,148.81,157.1,-1.99,166.72,-1.99,166.71,-6.46,118.92,16.89,9.85,-55.45,-33.33,-93.72,-53.41,-0.54,8.24,43.79,20.76,-1.05,18.76,18.85,-9.3,-0.52,-2.96,-0.6,-3.27,-2.62,1.73,-4.35,-4.35,-1.05,-5.47,58.33,65.53,-3.73,-60.8,0.47,157.1,9.85,-133.18,-269.48,161.94,4.87,-239.32,-190.52,670.36,64.68,-232.64,4.87,218.38,-41.35,1.88,0.0999191302761612
96,2022,24.73,21.82,-16.89,-10.33,-10.33,-6.77,-4.82,-1.94,-4.81,-1.94,-23.09,-25.26,3.27,-4.07,58.87,54.55,7.15,42.42,4.55,10.85,17.06,17.59,20.63,13.98,6.52,10.26,28.98,24.12,21.56,-0.05,20.82,9.0,13.64,13.64,20.63,-2.37,-47.37,-53.68,-3.34,33.7,20.78,-6.77,-4.07,-210.59,58.06,43.93,19.68,-112.15,219.96,-54.59,-264.13,-210.0,19.68,46.8,-40.19,54.39,0.1092589673437398
97,2023,14.19,14.85,4.48,9.68,9.68,11.45,-2.13,13.95,-2.13,13.94,-11.08,-2.4,18.32,1.54,29.52,36.85,7.15,26.88,-1.48,-0.11,14.11,11.84,14.52,3.36,2.78,11.32,16.78,15.52,14.8,-1.07,20.47,-4.3,12.23,12.23,14.52,-2.69,-73.71,-76.57,-0.3,23.45,-3.49,11.45,1.54,171.96,-62.56,-11.96,-15.74,-202.7,-27.47,5.11,-25.01,5.09,-15.74,-11.59,43.44,-21.0,0.0444004484299616
98,2010,23.97,27.67,30.37,501.45,28.82,30.44,0.78,29.43,1.2,28.9,-3.42,5.22,0.78,-8.4,36.31,17.96,56.26,42.5,60.14,44.78,25.98,43.77,42.85,219.39,263.89,0.725,-7.56,-7.56,158.4,-42.36,38.77,31.43,28.43,28.43,42.85,1.11,-16.01,-34.61,-11.55,-60.84,23.01,30.44,-8.4,62.72,-120.37,18.95,527.78,12.04,33.18,10.45,1209.01,125.56,527.78,-29.51,-39.49,-8.82,-0.1697801278935545
99,2011,29.28,30.75,53.6,-79.76,14.17,14.49,1.28,13.04,1.23,13.1,-7.43,-11.44,-2.84,32.59,33.71,-17.02,23.39,26.94,23.77,22.33,17.68,21.65,25.45,12.76,-10.83,0.725,56.75,241.76,24.28,11.13,34.94,100.0,25.74,25.74,25.45,1.12,-32.53,-46.34,0.39,42.36,33.06,14.49,32.59,83.5,-736.36,31.44,4.98,67.79,78.29,10.45,-73.54,-206.32,4.98,53.89,-11.45,14.81,0.0874605418809855
100,2012,21.46,16.77,22.33,655.95,17.39,18.65,1.37,8.78,1.56,8.58,-1.88,-9.21,-26.79,60.02,5.68,38.73,39.1,14.59,23.44,22.9,112.47,68.27,29.24,62.36,60.85,0.07,88.06,40.43,53.05,12.69,28.55,94.93,23.34,23.34,29.24,1.56,44.68,17.3,-8.36,-28.76,65.89,10.27,60.02,-13.85,42.54,14.1,159.29,-108.38,-31.43,10.45,52.29,-230.61,159.29,-69.89,-27.7,3.48,-0.03887196473185
101,2013,20.59,16.16,22.8,-21.89,9.88,13.91,1.72,16.58,1.96,16.31,-4.51,-1.66,36.01,32.98,21.82,27.29,9.38,20.56,39.4,34.7,-2.43,14.07,18.25,7.87,10.96,-25.17,14.9,-0.56,6.92,13.52,26.73,-76.77,21.74,21.74,18.25,1.77,51.15,24.16,5.43,8.66,-11.33,18.59,32.98,-9.45,-82.63,12.28,-36.38,-734.41,4.77,10.45,-169.73,-13.96,-36.38,254.68,79.62,-5.32,0.2882987517064603
102,2014,18.88,20.24,27.27,53.83,8.55,3.5,1.54,9.34,1.39,9.49,-6.61,-6.61,5.92,26.4,9.03,-5.92,15.54,7.92,44.54,37.37,20.66,32.86,16.47,17.29,5.48,44.36,-2.69,10.97,7.27,10.98,22.53,-78.4,18.96,18.96,16.47,1.5,-8.27,-22.89,2.74,2.31,12.24,11.02,26.4,76.79,330.77,23.39,80.58,-1.44,53.92,10.45,143.52,-102.86,80.58,-27.72,-30.88,11.15,-0.167846505433592
103,2015,13.62,16.16,8.59,-61.86,13.86,20.03,1.29,14.18,0.85,14.67,0.1,1.79,-1.48,1.69,16.66,-0.22,28.21,14.57,21.49,22.6,-1.79,13.49,14.15,7.39,15.08,-38.2,9.49,-8.52,7.12,14.65,18.86,-7040.74,15.86,15.86,14.15,0.92,-0.34,-13.98,2.61,-0.45,15.32,15.65,1.69,72.07,-160.86,15.41,-35.95,88.8,12.61,122.22,102.44,1055.93,-35.95,130.08,56.45,-0.21,0.4733836697160605
104,2016,20.38,17.74,15.06,49.14,22.89,19.15,0.46,18.6,0.83,18.16,1.56,-1.03,3.27,21.35,18.16,-21.94,2.32,16.97,17.98,18.39,-5.06,8.27,13.59,-0.65,-13.23,97.24,33.39,49.68,4.91,10.08,17.83,28.18,15.54,15.54,13.59,0.57,-22.25,-32.71,2.5,34.8,16.56,19.15,21.35,27.72,-906.85,35.62,9.94,34.59,31.44,107.47,97.21,153.74,9.94,51.58,-20.0,13.82,-0.076790054480903
105,2017,22.8,18.39,12.95,-496.54,12.6,-34.99,0.7,-35.45,0.7,-35.44,-2.29,-47.06,10.45,12.55,18.0,-17.05,31.43,17.93,23.8,25.5,3.7,17.55,17.79,30.95,44.32,0.86,114.17,76.08,57.38,10.85,7.72,-58.7,9.69,9.69,17.79,0.5,-24.61,-31.27,-7.33,-18.29,11.18,-34.99,12.55,16.22,180.18,2.93,20.3,9.39,0.76,9.56,-0.41,-24.65,20.3,-4.9,23.61,58.33,0.1350954681678995
106,2018,23.42,18.38,17.85,-234.69,28.39,142.74,0.37,141.85,-0.04,142.85,-5.86,96.68,0.1,30.66,7.14,55.87,13.3,9.15,40.9,38.33,3.28,33.06,17.99,19.27,43.16,1.08,-0.66,-0.32,23.15,11.93,19.11,132.46,16.48,16.48,17.99,0.11,88.29,61.66,-1.01,-23.76,23.29,142.74,30.66,-60.18,-46.92,29.33,97.68,-89.86,-9.23,100.82,58.82,-341.1,97.68,-9.65,-32.1,-46.72,0.0543605160929286
107,2019,18.3,16.42,20.46,59.49,13.5,11.74,-0.37,12.15,-0.67,12.49,-3.13,-5.55,-1.73,30.39,9.65,10.76,29.72,12.46,41.64,39.56,9.04,26.99,18.52,32.73,30.62,268.1,-12.42,42.36,34.99,12.22,12.78,-46.57,13.41,13.41,18.52,-1.04,9.36,-3.57,-4.67,-13.91,20.38,11.74,30.39,130.16,-83.31,13.65,-2.13,103.7,3.46,126.41,76.11,-71.06,-2.13,33.34,16.12,1.72,-0.007018869481437
108,2020,12.77,8.71,3.51,85.5,21.34,17.26,-1.7,19.28,-1.65,19.22,2.08,3.98,-0.9,16.26,14.22,43.07,14.16,14.23,14.63,20.43,7.76,17.83,15.84,28.45,25.68,69.81,4.71,37.58,30.36,15.74,7.41,-151.38,10.48,10.48,15.84,-1.91,-2.23,-11.5,-4.66,-9.11,13.79,17.26,16.26,23.15,123.08,19.45,-14.51,144.51,11.13,69.32,5.17,336.43,-14.51,50.55,17.92,1.87,0.1459469376765001
109,2021,41.15,50.01,25.6,75.27,88.71,88.81,-1.93,92.54,-1.36,91.43,17.59,33.77,22.03,-9.17,2.16,-20.86,25.24,7.94,14.02,15.36,12.15,17.76,12.41,12.82,13.06,4.5,13.28,7.81,10.88,5.58,17.19,-356.4,13.07,13.07,12.41,-1.94,-40.58,-47.45,0.81,-4.52,15.67,88.81,-9.17,-49.62,-183.36,40.73,10.59,-10.34,8.39,61.4,151.4,-165.88,10.59,56.41,24.65,-25.46,0.3840302916089917
110,2022,9.78,6.77,16.11,-129.23,-21.39,-21.12,-2.17,-19.37,-2.91,-18.76,-11.75,-28.15,-9.69,8.31,-18.54,4.46,2.43,-12.41,14.92,16.33,38.4,17.15,1.67,13.37,7.85,3.8,-26.52,-8.2,1.38,10.38,2.13,368.45,1.79,1.79,1.67,-2.97,11.37,9.41,-0.45,-18.79,21.56,-21.12,8.31,331.46,46.75,-0.17,27.78,-288.13,-42.86,17.95,13.68,-127.52,27.78,-10.45,-45.32,26.56,-0.196467220100498
111,2023,8.68,11.13,4.85,-140.52,20.17,23.05,-3.31,27.27,-3.32,27.28,0.26,13.22,13.29,-11.35,-2.5,9.91,19.14,4.09,16.83,16.02,19.78,15.16,10.16,26.24,18.06,-5.47,-8.97,-6.58,9.07,12.25,8.02,-42.1,10.63,10.63,10.16,-3.03,34.98,22.01,0.82,-11.83,-4.06,23.05,-11.35,-2.13,72.04,11.2,2.43,-59.35,33.33,3.72,3.35,79.86,2.43,15.81,42.44,-9.63,0.340943211736483
112,2010,2.25,2.25,6.5,54.72,54.72,49.07,2.42,57.03,2.51,56.9,26.68,44.85,-5.22,-10.86,-18.73,-44.94,2.03,-15.76,20.12,20.12,16.06,11.03,4.21,7.51,3.89,-1.31,5.73,4.03,4.01,-0.56,18.43,-1200.0,6.5,6.5,4.21,-0.8,8.45,1.84,9.82,-18.92,7.88,48.11,29.53,-47.69,-188.46,-103.08,9.94,-122.03,83.96,-152.1,-67.66,-211.43,9.94,-103.08,-3469.46,-102.08,-0.1047520728097461
113,2011,-5.32,-5.32,5.27,7.6,7.6,9.25,-1.41,11.25,-1.42,11.26,8.59,15.38,-12.71,-9.4,39.42,194.23,2.21,31.08,5.14,5.14,2.28,0.76,7.0,16.0,27.83,-9.56,7.84,3.85,7.25,-1.79,19.35,-5.69,4.24,4.24,7.0,-3.52,-31.49,-34.28,6.98,2.55,8.48,9.25,2.82,-28.6,-204.8,-2656.82,9.94,-246.96,-416.2,195.53,-318.84,3083.54,9.94,-2656.82,-103.03,-2440.43,-0.1991485527015438
114,2012,-1.34,-0.21,3.05,8.1,8.1,12.16,-2.33,15.14,-2.5,15.33,2.19,13.69,-0.89,12.85,8.03,21.16,-11.72,6.39,3.4,3.4,2.75,3.36,4.12,-4.31,-8.58,-2.45,8.05,5.95,3.5,-1.0,18.01,334.53,11.17,11.17,4.12,0.83,-14.04,-22.67,12.15,16.37,-0.46,12.16,0.82,-97.16,-103.47,-73.86,9.94,-110.6,-29.83,-81.35,-18.57,-121.4,9.94,-73.86,385.47,-76.69,0.2277492275407611
115,2013,0.7,0.35,0.45,-10.38,-10.38,-15.79,-0.71,-16.44,-0.19,-16.87,2.37,-16.38,3.82,-33.44,20.73,102.7,-3.68,23.59,2.56,2.56,-0.39,-4.96,2.4,-5.3,-3.61,11.69,1.45,3.33,2.29,-0.79,11.07,-70.77,3.48,3.48,2.4,-1.26,-63.86,-65.07,0.31,28.23,-3.0,-15.79,3.09,948.93,-4354.32,330.45,9.94,74.29,25.6,189.72,-67.71,102.07,9.94,330.45,-68.69,411.17,0.0713209778565555
116,2014,-2.49,-2.32,-1.8,14.96,14.96,21.42,-0.5,21.16,-0.46,21.11,-8.02,24.51,1.49,647.1,25.21,43.98,13.85,17.34,1.63,1.63,2.13,1.59,6.52,10.43,-12.18,3.31,10.62,9.17,6.19,-0.57,12.58,82.57,9.89,9.89,6.52,-1.1,-173.02,-166.45,3.62,33.61,-3.92,21.42,-10.31,156.2,-104.68,-66.1,9.94,-83.88,10.06,-0.61,317.41,-23.97,9.94,-66.1,219.4,-72.08,-0.0150783471883981
117,2015,-1.25,-1.65,-0.77,3.05,3.05,12.32,-0.59,11.76,-0.63,11.8,5.12,13.73,1.6,3.8,-22.55,-29.63,-28.7,-26.36,-5.09,-5.09,10.47,0.69,-8.61,-17.13,-35.28,-1.26,-8.07,-6.79,-10.12,-0.79,12.36,-91.23,6.68,6.68,-8.61,-1.38,-168.03,-163.77,17.2,13.79,-2.8,12.32,3.8,-77.68,-1204.12,100.77,9.94,3196.27,-164.59,17.98,-258.6,-34.67,9.94,100.77,-48.24,78.75,0.0909913926057293
118,2016,2.84,3.23,1.29,12.49,12.49,1.19,-2.2,2.96,-2.22,2.97,7.83,-1.6,-0.86,10.89,8.22,8.08,9.53,4.93,-1.61,-1.61,7.67,6.3,5.92,4.06,53.66,5.6,1.08,1.98,6.3,-0.9,10.94,-711.98,2.67,2.67,5.92,-2.79,-29.39,-31.23,-1.6,-31.71,3.73,1.19,10.89,194.87,-146.55,-72.51,9.94,-107.27,-207.45,61.72,-152.41,-149.79,9.94,-72.51,362.7,-72.83,0.25001392553832
119,2017,3.46,4.28,3.14,3.95,3.95,-1.18,-2.93,1.64,-3.07,1.79,9.02,-4.49,-0.3,12.8,8.28,10.39,6.74,3.0,0.2,0.2,3.67,1.23,1.71,-5.26,1.35,-8.74,4.67,1.91,1.84,-1.09,9.38,-89.87,0.59,0.59,1.71,-3.82,-130.4,-130.22,-0.95,1.63,3.77,-1.18,12.8,78.36,158.3,-112.38,9.94,-1393.33,-91.05,69.68,-85.1,-47.19,9.94,-112.38,-1082.66,-112.53,0.0733875981879979
120,2018,10.15,8.02,7.37,13.55,13.55,32.87,-4.37,41.96,-4.55,42.23,14.47,20.62,8.62,26.09,-15.51,-35.18,2.54,-16.95,5.47,5.47,12.95,11.34,3.51,4.98,10.18,4.07,2.76,3.01,3.87,-1.5,12.12,1166.39,0.32,0.32,3.51,-4.37,-2201.26,-2194.52,-2.99,-24.62,1.41,32.87,26.09,-94.34,-45.25,-667.25,9.94,-141.75,1825.44,29.68,133.29,-8154.25,9.94,-667.25,-115.19,-526.93,-0.003865247394074
121,2019,6.05,6.38,3.64,9.28,9.28,12.19,-5.15,18.8,-5.38,19.08,1.28,5.78,5.69,7.41,-2.09,-5.44,-3.76,16.22,72.85,72.85,-12.73,-1.45,2.47,6.56,-4.41,-4.67,5.44,3.55,2.54,-0.69,12.05,-204.11,1.88,1.88,2.47,-5.85,-17.75,-19.27,0.21,21.59,0.34,12.19,7.41,2348.14,126.64,-57.38,9.94,619.12,-72.72,20.11,-3.43,-89.99,9.94,-57.38,215.13,-62.01,0.1837896788134019
122,2020,3.39,3.6,-0.72,-20.51,-20.51,-20.04,-4.32,-17.37,-4.43,-17.28,-0.43,-22.66,4.05,2.94,46.53,100.13,38.74,43.91,5.02,5.02,11.83,19.9,26.0,19.32,17.59,3.86,34.7,29.41,28.06,-0.14,6.17,408.99,6.9,6.9,26.0,-1.12,-170.08,-165.55,-14.47,22.38,-0.63,-20.04,2.94,21.51,136.86,-1421.7,9.94,39.28,384.91,-72.85,1708.73,-1801.09,9.94,-1421.7,-106.53,-1752.91,-0.2179370429193479
123,2021,1.76,1.5,11.05,68.22,68.22,65.92,-1.98,73.07,-1.97,73.05,-9.51,63.05,-4.12,-7.92,14.59,40.41,-6.16,16.38,-0.14,-0.14,11.97,8.26,10.56,3.18,5.08,9.01,12.26,11.81,11.03,0.02,14.89,-101.05,5.29,5.29,10.56,-3.45,168.55,155.06,-6.5,10.76,6.14,65.92,-7.92,-151.68,-124.78,-197.71,9.94,-46.43,-50.62,182.46,-53.74,-11.81,9.94,-197.71,-227.08,-158.89,0.0085302567896798
124,2022,5.79,5.72,9.48,-22.49,-22.49,-22.05,-1.84,-21.34,-1.87,-21.32,-15.97,-26.32,-2.38,-11.11,-26.33,-23.43,22.81,-21.57,2.45,2.45,13.08,6.39,-2.08,12.28,7.67,1.71,-4.13,-3.34,-2.2,0.68,8.88,20544.05,-0.61,-0.61,-2.08,-0.34,-63.0,-62.78,3.02,-27.16,8.37,-22.05,-11.11,-310.94,-8.96,37.18,9.94,-112.88,6.55,-82.82,-145.75,-169.84,9.94,37.18,-40.04,75.99,0.0680160287803649
125,2023,20.4,20.45,12.1,33.46,33.46,31.52,-0.92,34.41,-0.91,34.39,-11.52,9.23,14.11,6.54,5.63,10.03,-45.24,3.92,8.74,8.74,12.25,6.29,5.72,-9.49,-5.56,-7.3,8.82,6.54,5.16,1.16,12.29,-39.78,12.16,12.16,5.72,-1.96,86.67,66.43,9.44,10.04,5.52,31.52,6.54,-59.34,-271.84,-87.89,9.94,666.78,-149.08,210.69,-79.75,-135.07,9.94,-87.89,947.27,-90.79,0.0639618723872466
126,2010,15.31,16.5,11.66,-10.44,24.24,28.33,1.88,25.57,2.66,24.62,2.22,10.95,7.78,-3.2,18.34,11.09,11.23,13.15,3.99,4.18,16.99,9.03,10.66,17.32,24.34,-17.93,-2.2,-11.06,1.37,9.96,9.44,-5.62,22.71,20.41,10.66,0.19,-22.28,-35.46,16.97,-9.0,6.98,28.33,-3.2,466.67,-126.78,4.72,20.82,259.24,55.25,-145.41,5.31,-69.54,20.82,1.11,-1.09,-18.15,-0.051790841575857
127,2011,11.06,8.47,12.61,-9.82,4.8,4.66,-0.73,5.62,-0.9,5.79,-5.15,-5.59,5.6,10.36,-17.82,-34.29,6.97,0.2,5.32,4.51,6.85,8.0,4.84,-4.43,-10.64,7.2,50.74,28.11,11.42,8.6,9.05,41.83,-1.55,-0.97,4.84,-2.39,42.02,43.41,0.87,12.14,5.17,4.66,10.36,520.59,263.64,2.13,26.4,-75.28,1.08,856.91,73.27,-404.67,26.4,-4.36,-11.45,-2.6,-0.0234201533446059
128,2012,0.99,2.16,-1.1,-10.2,5.31,3.53,-2.06,5.94,-2.18,6.08,3.79,2.74,-3.02,4.21,23.12,29.92,5.02,11.36,-175.25,-60.42,131.64,4.49,7.15,5.98,13.95,9.63,-19.03,-6.56,0.52,7.34,8.22,-5.47,13.98,13.73,7.15,-1.13,5.8,-6.97,16.69,-2.28,4.13,3.53,4.21,-216.11,-51.15,0.3,7.61,-780.54,-1.18,-33.74,-44.0,-150.14,7.61,-2.28,6.96,-3.33,0.0387322055238821
129,2013,3.23,3.84,4.62,-21.21,3.32,4.66,-1.73,6.68,-1.38,6.3,0.18,1.55,2.08,6.44,-26.35,-10.48,4.73,-6.58,-0.09,3.27,1.28,2.82,-0.96,3.18,20.94,-12.0,-19.96,-15.9,-1.48,8.17,5.66,-17.62,-0.42,-0.51,-0.96,-3.46,9.94,10.51,2.32,-22.75,1.13,4.66,6.44,-53.06,-37.01,9.75,12.2,-167.32,-68.13,202.27,154.91,-151.26,12.2,8.81,36.75,4.69,0.2552525376746704
130,2014,3.08,4.12,1.33,4.81,7.07,5.87,-4.8,11.73,-4.56,11.45,3.12,3.2,1.78,2.7,-24.39,-26.5,-0.35,-7.6,1.72,-1.88,-2.28,-6.31,-6.8,1.71,-20.01,55.59,42.88,49.67,16.18,0.09,5.86,60.72,-25.1,-26.78,-6.8,-4.25,44.11,96.81,-43.79,15.5,1.28,5.87,2.7,-378.26,-37.5,13.91,-10.33,-84.59,-30.37,30.0,25.87,101.05,-10.33,23.63,4.29,7.08,0.0918001919818269
131,2015,-4.86,-3.14,-4.44,12.84,-2.89,-3.14,-3.64,1.2,-3.75,1.31,3.12,2.5,-4.49,1.92,-24.06,-5.22,-1.98,-6.62,3.5,0.31,13.25,11.42,4.63,-10.22,18.67,30.04,-5.52,14.21,15.69,9.39,6.58,1.11,-10.69,-10.61,4.63,-4.06,82.17,103.8,-102.41,-21.31,-0.39,-3.14,1.92,191.88,690.0,-3.11,-2.14,-223.19,372.65,-1.73,-44.75,-92.15,-2.14,-3.39,-9.36,-0.64,-0.0470257183394385
132,2016,-0.55,1.2,-1.15,38.21,3.37,4.48,-3.34,8.1,-2.9,7.61,4.34,5.06,-2.87,2.72,39.77,33.37,5.73,6.74,6.58,0.01,-0.62,-2.54,0.57,3.93,-12.63,21.99,11.1,17.98,7.59,5.62,3.64,13.93,-12.04,-11.95,0.57,-2.07,2.81,16.77,981.11,22.17,2.39,4.48,2.72,-85.33,-99.11,3.77,-2.81,67.28,-50.2,-35.93,26.81,-1506.67,-2.81,5.71,11.7,-0.69,0.1281656909695185
133,2017,5.14,3.9,7.54,-284.71,7.02,-3.74,-1.19,-2.64,-0.97,-2.86,-4.0,-8.51,5.2,4.75,54.18,27.31,11.82,21.76,11.06,4.11,11.78,11.95,15.44,12.61,23.61,13.28,16.17,14.28,16.85,5.74,3.19,-3.02,12.28,12.37,15.44,-0.31,17.77,4.81,39.53,-1.5,-0.05,-3.74,4.75,-488.32,-5228.57,-6.33,-3.31,-48.71,119.96,-54.76,-42.61,-21.17,-3.31,-7.15,38.89,-2.63,0.1610112525984115
134,2018,3.5,2.73,15.67,8.28,-7.26,10.15,-1.51,11.79,-1.75,12.06,-10.32,6.38,1.31,-3.63,-21.7,-6.55,2.22,-3.98,2.99,-1.44,-2.41,-3.88,-3.91,4.26,-5.76,10.87,-8.89,3.91,1.09,5.43,3.89,-2.28,-15.28,-15.26,-3.91,-3.08,8.01,27.47,61.45,1.89,2.16,10.15,-3.63,-73.68,-175.77,3.19,14.86,-308.45,-107.19,228.71,152.39,-108.02,14.86,-0.1,-24.89,-6.28,-0.1023262439546023
135,2019,-1.92,-6.73,-7.54,-202.35,-18.4,-14.56,-1.95,-12.86,-2.81,-12.1,-4.24,-12.89,-4.62,7.06,-24.19,-17.53,-4.56,-5.38,-10.77,16.63,26.97,39.04,22.35,-4.11,27.31,30.62,29.95,30.42,29.57,4.67,3.69,18.54,2.73,2.82,22.35,-0.24,52.6,48.41,224.8,-25.68,2.83,-14.56,7.06,-165.71,-395.22,9.8,7.74,-83.43,-3002.7,-80.39,-83.23,1145.0,7.74,10.47,-18.2,28.52,-0.3254206273797823
136,2020,0.15,3.86,-1.42,-82.47,17.49,17.59,0.1,17.69,-0.5,18.4,13.29,17.64,1.38,19.96,105.55,96.94,-1.8,15.5,5.21,0.92,2.63,2.13,6.01,15.49,-13.81,2.69,8.76,4.56,-0.35,4.31,3.86,-5.87,27.86,27.7,6.01,0.45,-21.15,-38.26,-38.01,34.02,-1.21,17.59,19.96,286.96,-42.96,14.75,-11.65,-220.83,-91.0,-57.21,371.53,-548.39,-11.65,23.11,-9.82,-2.6,-0.1275063568034677
137,2021,9.85,6.3,3.87,170.49,7.35,10.04,0.24,9.71,0.53,9.39,-2.67,0.11,9.85,0.21,-5.42,-1.51,-0.96,2.81,7.96,0.02,-0.48,-2.14,-0.57,18.46,13.68,-10.75,-19.02,-13.4,-7.14,4.33,4.71,-11.89,16.93,16.91,-0.57,-1.02,-9.62,-22.69,-46.61,-9.56,4.13,10.04,0.21,1.4,-263.97,-8.12,6.8,-12.07,127.07,497.55,15.94,-100.36,6.8,-11.51,8.8,-16.46,-0.2139500217533847
138,2022,-3.18,-9.44,25.73,-1497.58,-11.27,-2.33,-2.25,-0.19,-3.02,0.61,-34.17,0.78,-0.03,-4.39,-18.3,-19.92,-2.75,-4.64,-9.12,-2.72,-3.32,0.31,-1.31,-3.28,5.4,-12.8,18.9,-3.31,-0.84,4.07,4.65,-1.14,-2.15,-2.3,-1.31,-3.95,-4.02,-1.77,-27.36,-9.53,-3.16,-2.33,-4.39,-477.01,-10.79,-24.99,9.11,-94.61,-20.58,-33.42,-12.94,9962.5,9.11,-34.34,-19.35,-23.12,-0.0960478561244984
139,2023,-4.52,-5.29,136.46,-128.32,-251.56,-220.51,-2.14,-223.73,-2.41,-224.08,-224.76,-226.82,3.34,8.52,53.76,62.33,7.33,11.51,-245.57,176.1,-36.09,7.66,8.88,33.89,60.63,-2.28,105.04,37.24,44.27,3.96,-21.84,1.57,-67.35,-67.04,8.88,0.61,-17.76,149.52,291.52,-30.58,-7.61,-220.51,8.52,-934.31,-147.31,19.48,-7.66,1663.64,15.39,-97.75,-41.18,-388.94,-7.66,31.83,-20.98,-198.67,-0.2643001420410317
140,2010,6.93,8.23,2.18,-268.82,26.19,28.77,-1.48,30.7,-0.77,29.76,9.21,20.43,11.73,4.33,16.98,-9.4,16.28,12.98,1.26,7.8,-6.73,6.39,10.56,-3.66,-3.28,31.85,17.25,22.09,4.2,101.52,-26.91,8.88,16.73,16.73,10.56,-2.69,-231.52,-212.67,13.08,16.81,-4.3,28.77,4.33,-5.04,-471.35,26.45,-36.61,-22.84,-28.26,2.19,78.09,-87.32,-36.61,38.81,-18.17,-1.8,-0.1930737708158941
141,2011,11.94,8.54,5.12,-0.55,12.23,23.4,-3.67,28.1,-3.74,28.2,-0.13,10.24,10.69,3.48,43.45,74.57,15.16,34.56,6.97,10.65,-1.95,11.0,26.23,11.63,10.05,141.36,23.43,65.67,29.25,0.89,-62.04,76.59,23.62,23.62,26.23,-3.37,432.49,330.74,2.04,22.28,1.12,23.4,3.48,106.22,-554.31,12.13,19.12,34.07,29.19,2.47,-36.98,-852.26,19.12,11.51,-5.37,-9.13,-0.0451243991763221
142,2012,5.4,3.36,1.45,-725.16,-20.68,-26.66,-1.11,-25.84,-1.01,-25.91,-1.97,-30.42,0.92,7.27,19.46,-27.8,5.29,13.57,-132.99,-54.04,97.19,7.11,11.56,-39.56,13.6,-10.13,5.32,-2.74,6.37,-48.12,-108.94,-23.67,16.26,16.26,11.56,0.06,116.62,86.33,3.6,-0.03,4.44,-26.66,7.27,-694.19,-1296.47,17.16,-2.12,-1.76,69.58,-65.88,12.32,-164.17,-2.12,19.0,1.29,59.75,-0.0760683806134481
143,2013,5.6,2.5,10.85,-105.06,21.49,28.77,-0.25,29.1,-0.42,29.32,-6.54,21.95,0.26,26.56,22.18,-45.17,10.81,19.25,-471.0,172.15,-30.83,13.2,17.45,4.97,14.47,17.62,17.05,17.33,15.62,2.29,1648.23,22.57,18.96,18.96,17.45,-0.63,135.64,98.08,3.27,4.18,5.32,28.77,26.56,63.57,19.34,-8.83,84.69,48.66,-3.93,42.14,-13.39,21.73,84.69,-16.18,15.19,-29.2,0.146967216656529
144,2014,11.54,3.99,1.01,-122.92,2.84,0.97,-0.91,1.89,-0.84,1.82,-2.77,-9.48,-13.73,38.8,11.28,127.89,11.77,12.6,30.23,23.55,51.66,41.92,21.03,44.63,21.94,63.84,21.24,41.83,30.11,1.57,78.98,112.74,13.73,13.73,21.03,-1.07,18.48,4.18,-12.11,-7.66,29.29,0.97,38.8,0.86,4.83,11.79,28.85,-58.86,-20.91,51.48,3.02,-260.08,28.85,8.83,6.88,10.72,0.1617398629255009
145,2015,7.77,1.07,-1.49,14543.94,-33.48,-44.76,-1.47,-43.94,-1.73,-43.79,-4.32,-48.75,16.9,14.29,12.62,-35.46,-8.37,9.16,13.22,16.3,-19.01,-11.4,2.23,-16.91,9.28,34.7,13.13,25.17,16.39,0.14,-48.64,-31.98,-10.8,-10.8,2.23,-2.57,112.49,138.23,-12.49,-0.11,-7.81,-44.76,14.29,-10.87,3.64,-9.78,8.37,75.7,22.13,105.83,8.17,-159.97,8.37,-13.5,12.12,63.34,0.2341845686486865
146,2016,-8.83,-13.22,-5.24,-84.06,6.72,37.77,-3.08,42.15,-2.92,41.91,-10.29,51.11,-5.63,11.16,17.32,16.35,2.06,11.99,24.61,17.99,2.1,4.9,9.91,6.63,19.05,46.66,16.69,34.7,26.58,-0.42,-74.91,-39.06,-10.1,-10.1,9.91,-2.73,58.86,76.7,-22.44,-5.94,-3.39,37.77,11.16,28.65,19.73,14.6,40.36,12.04,4.13,10.8,-7.57,-132.72,40.36,7.98,-7.43,-16.82,0.055427074017696
147,2017,5.43,5.99,3.95,-133.55,17.2,26.23,-2.26,29.15,-2.26,29.15,6.73,19.73,-3.08,32.56,17.43,17.71,8.29,14.46,29.3,25.57,103.9,50.34,24.47,5.57,8.71,86.53,30.31,67.09,38.62,1.67,16.04,-71.96,0.55,0.55,24.47,-1.28,66.46,65.55,-52.63,5.29,8.77,26.23,32.56,30.45,24.36,18.55,-2.57,-13.22,95.33,-28.0,-200.18,15.48,-2.57,25.6,15.94,-6.08,0.2131067112369329
148,2018,22.69,29.3,11.0,173.89,57.56,-21.85,-0.59,-21.38,-0.49,-21.47,17.6,-36.3,16.13,16.89,0.59,55.89,33.8,6.14,52.3,36.43,-0.58,9.79,7.37,30.87,-9.36,2.28,41.79,12.94,4.41,2.75,416.69,-607.42,14.26,14.26,7.37,-0.4,-18.13,-28.35,30.65,17.1,5.65,-21.85,16.89,-124.68,-96.71,11.08,43.09,-152.41,-87.04,-11.77,-499.5,273.28,43.09,2.79,22.82,42.14,0.2703252313925223
149,2019,14.03,15.17,3.94,-48.52,19.78,136.8,-0.35,137.63,-0.53,138.05,5.74,107.66,3.74,13.85,0.04,-4.94,11.49,3.47,21.33,21.14,26.03,24.46,10.7,40.13,18.69,-6.37,5.33,-2.41,4.6,10.25,76.51,-84.45,23.71,23.71,10.7,-0.44,-5.4,-23.53,22.48,-12.82,9.92,136.8,13.85,-97.79,-58.98,18.92,19.71,-91.76,160.24,89.33,9.82,-111.22,19.71,18.63,13.63,-49.78,0.2868005537017351
150,2020,13.65,16.89,6.97,-89.44,21.4,12.85,-0.82,13.78,-0.9,13.87,5.89,-0.7,0.4,9.54,2.02,19.55,8.42,3.62,20.63,21.36,-1.51,7.56,5.15,-2.57,4.16,-7.69,3.56,-3.58,-0.66,2.59,43.13,-1037.06,15.61,15.61,5.15,-0.94,-18.2,-29.25,21.95,-0.52,13.19,12.85,9.54,344.79,129.24,16.27,10.89,1192.59,-22.51,17.52,24.79,-609.68,10.89,18.23,26.56,3.03,0.2627516184229232
151,2021,17.53,19.52,2.08,1440.26,34.06,38.37,-0.83,39.52,-0.98,39.73,5.59,17.73,5.84,-8.67,-4.54,4.77,18.84,1.37,33.83,27.11,14.26,25.11,10.78,18.26,22.61,-11.22,-0.04,-6.83,4.8,3.18,65.06,-42.81,20.02,20.02,10.78,-0.69,-11.72,-26.44,12.97,-17.32,11.04,38.37,-8.67,225.45,-143.58,26.48,33.55,-58.8,125.62,18.81,5.33,-72.04,33.55,24.06,5.9,-8.59,0.2558417382525872
152,2022,17.96,17.06,9.92,-71.92,17.74,18.72,-0.68,19.52,-0.89,19.79,1.65,0.64,-3.39,23.74,-19.62,-2.06,16.34,-7.98,23.65,20.51,38.76,30.65,9.31,33.05,7.25,-1.98,2.91,0.08,3.39,4.61,47.72,-356.75,17.29,17.29,9.31,-0.73,-18.38,-30.41,0.3,-14.2,22.1,18.72,23.74,-70.52,-147.65,16.02,15.83,541.1,9.91,20.1,21.43,-122.45,15.83,16.09,-18.86,-2.27,-0.0858193138530668
153,2023,6.88,7.69,9.41,136.64,6.68,-0.52,-0.67,0.15,-0.9,0.39,-2.1,-6.92,6.88,-4.14,6.21,149.11,10.0,8.59,25.63,21.08,7.08,16.69,12.92,-3.55,9.54,-6.5,4.9,-1.56,3.76,7.8,41.01,35.59,23.83,23.83,12.92,-0.43,-65.04,-71.77,25.63,-0.87,4.13,-0.52,-4.14,169.45,-635.43,-1.63,17.67,-44.61,-25.18,-33.95,-25.38,-13894.08,17.67,-8.71,27.09,-1.12,0.3396076066452087
